    <templates xml:space="preserve">
        <t t-name="mail_custom_module.ChatterTopbar" t-inherit="mail.ChatterTopbar" t-inherit-mode="extension">

            <xpath expr="//button[hasclass('o_ChatterTopbar_buttonSendMessage')]" position="after">
                <!-- Send SMS Button -->
                <button class="o_ChatterTopbar_button o_ChatterTopbar_buttonSendMessage btn text-nowrap me-2"
                            type="button"
                            t-att-class="{
                                'o-active btn-odoo': chatterTopbar.chatter.composerView and !chatterTopbar.chatter.composerView.composer.isLog,
                                'btn-odoo': !chatterTopbar.chatter.composerView,
                                'btn-light': chatterTopbar.chatter.composerView and chatterTopbar.chatter.composerView.composer.isLog,
                            }"
                            t-att-disabled="!chatterTopbar.chatter.canPostMessage"
                            data-hotkey="m"
                            t-on-click="chatterTopbar.chatter.onClickSendMessage"
                >
                    Send SMS
                </button>
                <button class="o_ChatterTopbar_button o_ChatterTopbar_buttonSendMessage btn text-nowrap me-2"
                            type="button"
                            t-att-class="{
                                'o-active btn-odoo': chatterTopbar.chatter.composerView and !chatterTopbar.chatter.composerView.composer.isLog,
                                'btn-odoo': !chatterTopbar.chatter.composerView,
                                'btn-light': chatterTopbar.chatter.composerView and chatterTopbar.chatter.composerView.composer.isLog,
                            }"
                            t-att-disabled="!chatterTopbar.chatter.canPostMessage"
                            data-hotkey="m"
                            t-on-click="chatterTopbar.chatter.onClickSendMessage"
                >
                    Send Whatsapp
                </button>
            </xpath>
        </t>
    </templates>
